book_url,numeric_rating,review_author
https://bookmarks.reviews/reviews/the-dream-hotel-a-read-with-jenna-pick/,3,Ian Huff
https://bookmarks.reviews/reviews/hum/,3,Ian Huff
https://bookmarks.reviews/reviews/toward-eternity/,4,Ian Huff
https://bookmarks.reviews/reviews/the-stardust-grail/,3,Ian Huff
https://bookmarks.reviews/reviews/the-ministry-of-time/,3,Ian Huff
https://bookmarks.reviews/reviews/the-mars-house/,4,Ian Huff
https://bookmarks.reviews/reviews/annie-bot/,3,Ian Huff
https://bookmarks.reviews/reviews/the-other-valley/,3,Ian Huff
https://bookmarks.reviews/reviews/in-ascension/,4,Ian Huff
https://bookmarks.reviews/reviews/cahokia-jazz/,3,Ian Huff
https://bookmarks.reviews/reviews/beautyland/,3,Ian Huff
https://bookmarks.reviews/reviews/orbital/,2,Ian Huff
https://bookmarks.reviews/reviews/whalefall/,2,Ian Huff
https://bookmarks.reviews/reviews/the-deep-sky/,3,Ian Huff
https://bookmarks.reviews/reviews/counterweight/,2,Ian Huff
https://bookmarks.reviews/reviews/girlfriend-on-mars/,1,Ian Huff
https://bookmarks.reviews/reviews/camp-zero/,2,Ian Huff
https://bookmarks.reviews/reviews/infinity-gate/,4,Ian Huff
https://bookmarks.reviews/reviews/flux/,3,Ian Huff
https://bookmarks.reviews/reviews/the-curator/,4,Ian Huff
https://bookmarks.reviews/reviews/the-terraformers/,3,Ian Huff
https://bookmarks.reviews/reviews/the-book-eaters/,3,Ian Huff
https://bookmarks.reviews/reviews/the-half-life-of-valery-k/,4,Ian Huff
https://bookmarks.reviews/reviews/upgrade/,2,Ian Huff
https://bookmarks.reviews/reviews/the-paradox-hotel/,4,Ian Huff
https://bookmarks.reviews/reviews/a-desolation-called-peace/,4,Ian Huff
https://bookmarks.reviews/reviews/the-ministry-for-the-future/,3,Ian Huff
https://bookmarks.reviews/reviews/the-midnight-library/,3,Ian Huff
https://bookmarks.reviews/reviews/network-effect-a-murderbot-novel/,4,Ian Huff
https://bookmarks.reviews/reviews/sea-of-tranquility/,3,Ian Huff
https://bookmarks.reviews/reviews/how-high-we-go-in-the-dark/,3,Ian Huff
https://bookmarks.reviews/reviews/the-exiled-fleet/,4,Ian Huff
https://bookmarks.reviews/reviews/a-psalm-for-the-wild-built/,4,Ian Huff
https://bookmarks.reviews/reviews/the-last-watch/,4,Ian Huff
https://bookmarks.reviews/reviews/fugitive-telemetry/,4,Ian Huff
https://bookmarks.reviews/reviews/this-is-how-you-lose-the-time-war/,3,Ian Huff
https://bookmarks.reviews/reviews/record-of-a-spaceborn-few/,4,Ian Huff
https://bookmarks.reviews/reviews/all-systems-red/,4,Ian Huff
https://bookmarks.reviews/reviews/artificial-condition-the-murderbot-diaries/,4,Ian Huff
https://bookmarks.reviews/reviews/qualityland/,3,Ian Huff
https://bookmarks.reviews/reviews/the-glass-hotel/,3,Ian Huff
https://bookmarks.reviews/reviews/station-eleven/,4,Ian Huff
https://bookmarks.reviews/reviews/a-closed-and-common-orbit/,4,Ian Huff
https://bookmarks.reviews/reviews/new-york-2140/,3,Ian Huff
https://bookmarks.reviews/reviews/exit-strategy-the-murderbot-diaries/,4,Ian Huff
https://bookmarks.reviews/reviews/terrestrial-history/,3,Ian Huff
https://bookmarks.reviews/reviews/exordia/,2,Ian Huff
https://bookmarks.reviews/reviews/the-body-scout/,2,Ian Huff
https://bookmarks.reviews/reviews/hench/,3,Ian Huff
https://bookmarks.reviews/reviews/sourdough/,3,Ian Huff
https://bookmarks.reviews/reviews/mr-penumbras-24-hour-bookstore/,3,Ian Huff
https://bookmarks.reviews/reviews/the-memory-police/,4,Ian Huff
https://bookmarks.reviews/reviews/the-echo-wife/,4,Ian Huff
https://bookmarks.reviews/reviews/titanium-noir/,3,Ian Huff
https://bookmarks.reviews/reviews/the-axemans-carnival/,4,Ian Huff
https://bookmarks.reviews/reviews/this-time-tomorrow/,3,Ian Huff
https://bookmarks.reviews/reviews/light-years-from-home/,3,Ian Huff
