,url,title,author,rating,similarity,description
15824,https://bookmarks.reviews/reviews/provenance/,Provenance,Ann Leckie,3.3333333333333335,0.825428,"From the author of the Hugo, Nebula, and Arthur C. Clarke Award-winning novel Ancillary Justice, a cosy space opera set in the same universe about a young woman who, seeking the approval of her foster mother, takes a desperate gamble and finds herself in the middle of an interplanetary conspiracy."
8173,https://bookmarks.reviews/reviews/good-morning-midnight/,"Good Morning, Midnight",Lily Brooks-Dalton,2.8,0.8225075,"In this debut novel, an aging astronomer named Augustine refuses to abandon his work in the Arctic during an emergency evacuation and finds himself all alone but for a mysterious child, Iris, when the airwaves go silent. At the same time, Mission Specialist Sullivan is aboard the Aether on its return flight from Jupiter when Mission Control falls inexplicably silent, and she and her crewmates are forced to wonder if they will ever get home."
14968,https://bookmarks.reviews/reviews/only-human/,Only Human,Sylvain Neuvel,2.6,0.8189784,"Rose Franklin has devoted her adult life to solving the mystery she accidentally stumbled upon as a child: a huge metal hand buried beneath the ground outside Deadwood, South Dakota. The discovery set in motion a cataclysmic chain of events with geopolitical ramifications, as giant robots descended on Earth's cities. The mysterious invaders retreated, disappearing from the shattered planet . . . but they took the scientist and her crew with them. Now, after nearly ten years on another world, Rose returns to find a devastating new war—this time between humans."
5090,https://bookmarks.reviews/reviews/to-sleep-in-a-sea-of-stars/,To Sleep in a Sea of Stars,Christopher Paolini,3.4,0.8158357,A space voyager living her dream of exploring new worlds lands on a distant planet ripe for colonization before her discovery of a mysterious relic transforms her life and threatens the entire human race.
4672,https://bookmarks.reviews/reviews/architects-of-memory/,Architects of Memory,Karen Osborne,3.0,0.81557155,"Terminally ill salvage pilot Ash Jackson lost everything in the war with the alien Vai, but she plans to buy, beg, or lie her way out of corporate indenture and find a cure. When her crew salvages a genocidal weapon from a ravaged starship above a dead colony, Ash uncovers a conspiracy of corporate intrigue and betrayal that threatens to turn her into a living weapon."
11311,https://bookmarks.reviews/reviews/the-future-of-another-timeline/,The Future of Another Timeline,Annalee Newitz,3.5454545454545454,0.81201625,"In 1992, seventeen-year-old Beth finds herself in a car with her friend's abusive boyfriend dead in the backseat, agreeing to help her friends hide the body. In 2022, determined to use time travel to create a safer future, Tess has dedicated her life to visiting key moments in history and fighting for change. But rewriting the timeline isn’t as simple as editing one person or event. From the founding editor of io9, comes a story of time travel, murder, and unlikely allies separated by centuries, battling for a world in which anyone can change the future."
14420,https://bookmarks.reviews/reviews/the-stars-now-unclaimed/,The Stars Now Unclaimed,Drew Williams,3.4,0.8087582,"Jane Kamali, a handful of comrades from her past, and a telekinetic girl called Esa must fight their way through a galaxy full of dangerous conflicts, remnants of ancient technology, and other hidden dangers in hopes of preventing the Pulse from once again sending countless worlds back to the dark ages."
5358,https://bookmarks.reviews/reviews/the-relentless-moon-a-lady-astronaut-novel/,The Relentless Moon: A Lady Astronaut Novel,Mary Robinette Kowal,3.625,0.80787617,"Kowal continues her Hugo and Nebula award-winning Lady Astronaut series with an exploration of Lady Astronaut Nicole Wargin, who is thrilled to be one of the moon's pioneer settlers. But she is less happy that her husband, the Governor of Kansas, is considering a run for President as riots and sabotage on Earth plague the space program."
12232,https://bookmarks.reviews/reviews/the-rise-and-fall-of-d-o-d-o/,The Rise and Fall of D.O.D.O.,Neal Stephenson and Nicole Galland,3.2857142857142856,0.8069861,"A collaborative near-future thriller combining history, science, magic, mystery, intrigue, and adventure. When Melisande Stokes, an expert in linguistics and languages, accidently meets military intelligence operator Tristan Lyons in a hallway at Harvard University, it is the beginning of a chain of events that will alter their lives and human history itself."
13605,https://bookmarks.reviews/reviews/the-lost-time-accidents/,The Lost Time Accidents,Jon Wray,3.0,0.8020879,"Haunted by a failed love affair and the darkest of family secrets, Waldemar 'Waldy' Tolliver wakes one morning to discover that he has been exiled from the flow of time. The world continues to turn, and Waldy is desperate to find his way back-a journey that forces him to reckon not only with the betrayal at the heart of his doomed romance but also the legacy of his great-grandfather's fatal pursuit of the hidden nature of time itself."
12633,https://bookmarks.reviews/reviews/void-star/,Void Star,Zachary Mason,3.0,0.8006051,"A science-fiction novel portraying a late-22nd-century Earth as a dark and desperate world populated by drones, slums, rising tides, longevity treatments, and artificial intelligence."
9148,https://bookmarks.reviews/reviews/famous-men-who-never-lived/,Famous Men Who Never Lived,K. Chess,3.0,0.79852355,"As one of the thousands who fled the outbreak of nuclear war in an alternate United States―on an alternate timeline―Hel finds herself living as a refugee in our own not-so-parallel New York. An exploration of the effects of displacement on our identities, the communities that come together through circumstance, and the power of art to save us."
2410,https://bookmarks.reviews/reviews/the-deluge/,The Deluge,Stephen Markley,3.125,0.79715836,"In the first decades of the 21st century, the world is convulsing, its governments mired in gridlock while a patient but unrelenting ecological crisis looms. America is in upheaval, battered by violent weather and extreme politics. In California in 2013, Tony Pietrus, a scientist studying deposits of undersea methane, receives a death threat. His fate will become bound to a cast of characters—a broken drug addict, a star advertising strategist, a neurodivergent mathematician, a cunning eco-terrorist, an actor turned religious zealot, and a brazen young activist named Kate Morris, who, in the mountains of Wyoming, begins a project that will alter the course of the decades to come."
7622,https://bookmarks.reviews/reviews/project-hail-mary/,Project Hail Mary,Andy Weir,3.2777777777777777,0.79655766,"The sole survivor on a desperate, last-chance mission to save both humanity and the earth, Ryland Grace is hurtled into the depths of space when he must conquer an extinction-level threat to our species. From the author of ""The Martian""."
15816,https://bookmarks.reviews/reviews/artemis/,Artemis,Andy Weir,2.263157894736842,0.79614663,"From the author of The Martian, a near-future thriller set on a lunar colony about a young Muslim woman, short on money and prospects, who, after agreeing to carry out a lucrative heist, finds herself embroiled in an elaborate conspiracy."
8573,https://bookmarks.reviews/reviews/storm-of-locusts/,Storm of Locusts,Rebecca Roanhorse,4.0,0.79492426,"The winner of the Nebula and Hugo awards returns with the second book in her Sixth World series, Kai and Caleb Goodacre have been kidnapped just as rumors of a cult sweeping across the reservation leads Maggie and Hastiin to investigate an outpost, and what they find there will challenge everything they’ve come to know."
2655,https://bookmarks.reviews/reviews/poster-girl/,Poster Girl,Veronica Roth,3.4,0.79437405,"Sonya, former poster girl for the Delegation, has been imprisoned for ten years when an old enemy comes to her with a deal: find a missing girl who was stolen from her parents by the old regime, and earn her freedom. The path Sonya takes to find the child will lead her through an unfamiliar, crooked post-Delegation world where she finds herself digging deeper into the past--and her family's dark secrets--than she ever wanted to,"
6438,https://bookmarks.reviews/reviews/burntcoat/,Burntcoat,Sarah Hall,3.28,0.793486,"In an unnamed British city, the virus is spreading, and like everyone else, the celebrated sculptor Edith Harkness retreats inside. She isolates herself in her immense studio, Burntcoat, with Halit, the lover she barely knows. As life outside changes irreparably, inside Burntcoat, Edith and Halit find themselves changed as well: by the histories and responsibilities each carries and bears, by the fears and dangers of the world outside, and by the progressions of their new relationship. And Burntcoat will be transformed, too, into a new and feverish world, a place in which Edith comes to an understanding of how we survive the impossible—and what is left after we have."
15678,https://bookmarks.reviews/reviews/gnomon/,Gnomon,Nick Harkaway,3.5,0.7929418,"A sprawling science fiction novel set in a futuristic London where all of society is monitored and controlled by a seemingly beneficial AI called 'The System.' When a suspected dissident dies in government custody, a trusted state inspector and a true believer in the System, is assigned to find out what went wrong."
840,https://bookmarks.reviews/reviews/i-cheerfully-refuse/,I Cheerfully Refuse,Leif Enger,3.5,0.79266083,"The tale of a bereaved and pursued musician embarking under sail on a sentient Lake Superior in search of his departed, deeply beloved, bookselling wife. Rainy, an endearing bear of an Orphean narrator, seeks refuge in the harbors, fogs and remote islands of the inland sea. Encountering lunatic storms and rising corpses from the warming depths, Rainy finds on land an increasingly desperate and illiterate people, a malignant billionaire ruling class, crumbled infrastructure and a lawless society. Amidst the Gulliver-like challenges of life at sea and no safe landings, Rainy is lifted by physical beauty, surprising humor, generous strangers, and an unexpected companion in a young girl who comes aboard. And as his innate guileless nature begins to make an inadvertent rebel of him, Rainy's private quest for the love of his life grows into something wider and wilder, sweeping up friends and foes alike in his strengthening wake."
3802,https://bookmarks.reviews/reviews/a-house-between-earth-and-the-moon/,A House Between Earth and the Moon,Rebecca Scherm,3.2,0.79257256,"The story of one scientist in outer space, another who watches over him, the family left behind, and the lengths people will go to protect the people and planet they love."
2697,https://bookmarks.reviews/reviews/station-eternity/,Station Eternity,Mur Lafferty,3.0,0.7914165,"Amateur detective Mallory Viridian’s talent for solving murders ruined her life on Earth and drove her to live on an alien space station, but her problems still follow her novel that puts a speculative spin on murder mysteries, from the Hugo-nominated author of Six Wakes."
4327,https://bookmarks.reviews/reviews/the-absolute-book/,The Absolute Book,Elizabeth Knox,3.6666666666666665,0.79068255,"The New Zealand author of The Vintner's Luck returns with an epic fantasy about a hunt for an ancient scroll box that has survived multiple fires throughout history—including at the library of Taryn Cornick's grandparents. Meanwhile, the murder of Cornick's sister years earlier resurfaces when a policeman, Jacob Berger, contacts her about the cold case. A shadowy young man named Shift appears, forcing Cornick and Berger toward a reckoning felt in more than one world."
9988,https://bookmarks.reviews/reviews/bubblegum/,Bubblegum,Adam Levin,3.142857142857143,0.79050606,"The author of The Instructions returns with a tale set in an alternate present-day world in which the Internet does not exist, its place in the collective imagination held by a 'flesh-and-bone robot' called the Curio. Written in the form of a memoir by troubled 38-year-old Belt Magnet, the story escalates into an epic saga that eventually forces Belt to confront the world he fears, as well as his estranged childhood friend Jonboat, the celebrity astronaut and billionaire."
525,https://bookmarks.reviews/reviews/this-great-hemisphere/,This Great Hemisphere,Mateo Askaripour,3.0,0.79033697,"A speculative novel about a young woman – invisible by birth and relegated to second-class citizenship – who sets off on a mission to find her older brother, whom she had presumed dead but who is now the primary suspect in a high-profile political murder."
7510,https://bookmarks.reviews/reviews/alexandria/,Alexandria,Paul Kingsnorth,2.142857142857143,0.79023045,"In this final volume of the British writer's Buckmaster trilogy, set 900 years in the future, a small religious community lives in what were once the fens of eastern England. Perhaps the world's last human survivors, they find themselves stalked by a force that draws ever closer, offering both a promise and a threat: a place called Alexandria."
7286,https://bookmarks.reviews/reviews/appleseed/,Appleseed,Matt Bell,3.4444444444444446,0.78971076,"In eighteenth-century Ohio, two brothers travel into the wooded frontier, planting apple orchards from which they plan to profit in the years to come. As they remake the wilderness in their own image, planning for a future of settlement and civilization, the long-held bonds and secrets between the two will be tested. Fifty years from now, in the second half of the twenty-first century, climate change has ravaged the Earth. One company owns all the world's resources. A thousand years in the future, North America is covered by a massive sheet of ice. One lonely sentient being inhabits a tech station on top of the glacier."
3043,https://bookmarks.reviews/reviews/the-daughter-of-doctor-moreau/,The Daughter of Doctor Moreau,Silvia Moreno-Garcia,3.7777777777777777,0.78924,"Carlota Moreau: A young woman growing up on a distant and luxuriant estate, safe from the conflict and strife of the Yucatâan peninsula. The only daughter of a researcher who is either a genius or a madman. Montgomery Laughton: A melancholic overseer with a tragic past and a propensity for alcohol. The hybrids: The fruits of the doctor's labor, destined to blindly obey their creator and remain in the shadows. A motley group of part human, part animal monstrosities. All of them live in a perfectly balanced and static world, which is jolted by the abrupt arrival of Eduardo Lizalde, the charming and careless son of Dr. Moreau's patron, who will unwittingly begin a dangerous chain reaction."
1101,https://bookmarks.reviews/reviews/after-world/,After World,Debbie Urbanski,3.4285714285714284,0.78894573,"Sen Anon is assigned to be a witness for the Department of Transition, recording the changes in the environment as the world begins to rewild. Abandoned by her mother in a cabin somewhere in Upstate New York, Sen will observe the monumental ecological shift known as the Great Transition, the final step in Project Afterworld. Around her drones buzz, cameras watch, microphones listen, digitizing her every move. Privately she keeps a journal of her observations, which are then uploaded and saved, joining the rest of humanity on Maia, a new virtual home. Sen was seventeen years old when the Digital Human Archive Project (DHAP) was initiated. 12,000,203,891 humans have been archived so far. Only Sen remains. As Sen struggles to persist in the face of impending death, [storyworker] ad39-393a-7fbc works to unfurl the tale of Sen's whole life, offering up an increasingly intimate narrative, until they are confronted with a very human problem of their own."
8456,https://bookmarks.reviews/reviews/frankisstein/,Frankissstein,Jeanette Winterson,3.15625,0.7888998,"In Brexit Britain, a young transgender doctor called Ry is falling in love – against their better judgement – with Victor Stein, a celebrated professor leading the public debate around AI. Meanwhile, in 1816, nineteen-year-old Mary Shelley writes a story about creating a non-biological life-form. ‘Beware, for I am fearless and therefore powerful.'
What will happen when homo sapiens is no longer the smartest being on the planet? Jeanette Winterson shows us how much closer we are to that future than we realize."
1151,https://bookmarks.reviews/reviews/the-future/,The Future,Naomi Alderman,3.0,0.78874135,"When Martha Einkorn fled her father's isolated compound in Oregon, she never expected to find herself working for a powerful social media mogul hell-bent on controlling everything. Now, she's surrounded by mega-rich companies designing private weather, predictive analytics, and covert weaponry, while spouting technological prophecy. Martha may have left the cult, but if the apocalyptic warnings in her father's fox and rabbit sermon--once a parable to her--are starting to come true, how much future is actually left?
Across the world, in a mall in Singapore, Lai Zhen, an internet-famous survivalist, flees from an assassin. She's cornered, desperate and--worst of all--might die without ever knowing what's going on. Suddenly, a remarkable piece of software appears on her phone telling her exactly how to escape. Who made it? What is it really for? And if those behind it can save her from danger, what do they want from her, and what else do they know about the future?"
8527,https://bookmarks.reviews/reviews/tears-of-the-trufflepig/,Tears of the Trufflepig,Fernando A. Flores,3.090909090909091,0.78871036,Esteban Bellacosa has lived in the border town of MacArthur long enough to know to avoid the dangerous syndicates who make their money through trafficking. But his simple life gets complicated after a swashbuckling journalist invites him to an underground dinner at which filtered animals are served. Bellacosa soon finds himself on a surreal journey in the course of which he encounters the long-disappeared Aranaña Indian tribe and their object of worship: the mysterious Trufflepig.
2819,https://bookmarks.reviews/reviews/nona-the-ninth/,Nona the Ninth,Tamsyn Muir,3.4545454545454546,0.7884727,"The third installment of the ""Locked Tomb Series"": the whole city is falling to pieces. A monstrous blue sphere hangs on the horizon, ready to tear the planet apart. Blood of Eden forces have surrounded the last Cohort facility and wait for the Emperor Undying to come calling. Their leaders want Nona to be the weapon that will save them from the Nine Houses. Nona would prefer to live an ordinary life with the people she loves, with Pyrrha and Camilla and Palamedes, but she also knows that nothing lasts forever."
8831,https://bookmarks.reviews/reviews/the-last-voyage-of-poe-blythe/,The Last Voyage of Poe Blythe,Ally Condie,3.0,0.78810275,"In the new YA novel from Ally Condie, author of the bestselling Matched trilogy, fifteen-year-old captain Poe Blythe seeks to avenge the murder of her true love while on a dredge ship searching for gold, becoming the architect of new defenses designed to destroy her enemies."
8908,https://bookmarks.reviews/reviews/lanny/,Lanny,Max Porter,3.3448275862068964,0.787662,"The acclaimed author of Grief is the Thing with Feathers returns with a novel about an ethereal boy named Lanny, whose move to a village outside London awakens Dead Papa Toothwort, a mythical figure with a dark energy that runs through the landscape and lives of the village."
8466,https://bookmarks.reviews/reviews/delta-v/,Delta-V,Daniel Suarez,3.0,0.7866742,"In the latest from the bestselling author of Change Agent, itinerant cave diver James Tighe is shocked to receive an invitation to billionaire Nathan Joyce's private island. But Tighe's unique skill set makes him a prime candidate for Joyce's high-risk venture to mine a near-earth asteroid—with the goal of kick-starting an entire off-world economy—with a team of ex-soldiers, former astronauts, BASE jumpers, and mountain climbers who face not only the dangers of a multi-year expedition but the harsh realities of business in space."
6746,https://bookmarks.reviews/reviews/the-all-consuming-world/,The All-Consuming World,Cassandra Khaw,3.0,0.7854991,"A crew of diminished former criminals get back together to solve the mystery of their last, disastrous mission. But the universe's highly-evolved AI has its own opposing agenda... and will do whatever it takes to keep humans from ever controlling them again."
15358,https://bookmarks.reviews/reviews/blackfish-city/,Blackfish City,Sam J. Miller,3.25,0.7852001,"A mysterious woman called the ""orcamancer"" arrives to challenge the status quo in Qaanaaq, a floating city in the Arctic Circle just barely surviving after the climate wars and overrun by political corruption, poverty, and a disease called ""the breaks."""
15040,https://bookmarks.reviews/reviews/tell-the-machine-goodnight/,Tell the Machine Goodnight,Katie Williams,3.375,0.7842843,"A science fiction novel about technology’s potential and its moral failings, Tell the Machine Goodnight imagines a near future in which lives are altered by a happiness machine."
6517,https://bookmarks.reviews/reviews/in-the-watchful-city/,In the Watchful City,S. Qiouyi Lu,3.6666666666666665,0.783296,"In the tradition of Italo Calvino's Invisible Cities, debut author S. Qiouyi Lu has written a multifaceted story of borders, power, diaspora, and transformation with In the Watchful City. The city of Ora is watching. Anima is an extrasensory human tasked with surveilling and protecting Ora's citizens via a complex living network called the Gleaming. Although ær world is restricted to what æ can see and experience through the Gleaming, Anima takes pride and comfort in keeping Ora safe from harm. When a mysterious outsider enters the city carrying a cabinet of curiosities from around with the world with a story attached to each item, Anima's world expands beyond the borders of Ora to places--and possibilities--æ never before imagined to exist. But such knowledge leaves Anima with a question that throws into doubt ær entire purpose: What good is a city if it can't protect its people?"
10506,https://bookmarks.reviews/reviews/the-seep/,The Seep,Chana Porter,3.0,0.78322035,"An invasion of benevolent space-alien entity called The Seep turns Earth into a Utopia. But after her partner decides to become a baby again in order to relive her life, fifty-year-old trans woman Trina FastHorse Goldberg-Oneka becomes suspicious of The Seep and sets out on a quest that will change her life."
12715,https://bookmarks.reviews/reviews/spaceman-of-bohemia/,Spaceman of Bohemia,Jaroslav Kalfar,3.3846153846153846,0.78313744,"Orphaned as a boy, raised in the Czech countryside by his doting grandparents, Jakub Procházka has risen from small-time scientist to become the country's first astronaut. When a dangerous solo mission to Venus offers him both the chance at heroism he's dreamt of, and a way to atone for his father's sins as a Communist informer, he ventures boldly into the vast unknown."
8728,https://bookmarks.reviews/reviews/machines-like-me/,Machines Like Me,Ian McEwan,2.607142857142857,0.78300893,"Machines Like Me takes place in an alternate 1980s London. Charlie, drifting through life and dodging full-time employment, is in love with Miranda, a bright student who lives with a terrible secret. When Charlie comes into money, he buys Adam, one of the first synthetic humans and—with Miranda's help—he designs Adam's personality. It isn't long before a love triangle soon forms, and these three beings confront a profound moral dilemma."
3530,https://bookmarks.reviews/reviews/vigil-harbor/,Vigil Harbor,Julia Glass,3.4285714285714284,0.7829739,"A decade in the future, in the historic town of Vigil Harbor, there's been a rash of divorces among the yacht-club set; a marine biologist despairs at the state of the world; a spurned wife is bent on revenge; and the renowned architect Austin Kepner pursues a passion for building homes to withstand the escalating fury of coastal storms. Brecht, Austin's stepson, has dropped out of college and retreated home from New York after narrowly escaping one of the domestic terrorist acts that, like hurricanes, are becoming all too common. When two outsiders come to town-one a woman determined to solve the disappearance of a long-lost lover who links her to Austin, the other a man with subversive charms-the fates of Vigil Harbor's residents become intertwined on one remarkable day and a long-held secret involving a selkie comes to light."
1469,https://bookmarks.reviews/reviews/prophet/,Prophet,Helen MacDonald and Sin Blaché,3.090909090909091,0.7823246,"Adam Rubenstein and Sunil Rao have been nemeses and reluctant partners since their Uzbekistan days. Adam is a seemingly unflappable American Intelligence officer and Rao is an ex-MI6 agent, an addict and rudderless pleasure hound, with the uncanny ability to discern the truth of things—about everyone and everything other than Adam. When an American diner turns up in a foggy field in the UK and is followed by a mysterious death, Adam and Rao are called in to investigate. In a surreal, action-packed quest that takes Adam and Rao from secret laboratories in Colorado, to a luxury lodge in Aspen, to the remote Nevada desert, the two begin to uncover how and why people's fondest memories are being manifested and weaponized against them by a spooky, ever-shifting substance called Prophet."
10367,https://bookmarks.reviews/reviews/the-resisters/,The Resisters,Gish Jen,3.3,0.7819853,"Though gifted at baseball, young Gwen is part of the ""Surplus,"" a mass of disenfranchised people living on the edges of a future society in AutoAmerica—an America that has embraced authoritarian automation. Gwen grows up playing baseball in secret, but when her talent is discovered, she is recruited by Net U, the university for the privileged. She reluctantly agrees to attend and has her moral and personal resolve severely tested."
8602,https://bookmarks.reviews/reviews/light-from-other-stars/,Light from Other Stars,Erika Swyler,3.6363636363636362,0.78164274,"From the author of national bestseller The Book of Speculation, a story in which a father turns to the dangerous dream of extending his living daughter's childhood just a little longer."
9585,https://bookmarks.reviews/reviews/mutiny-at-vesta/,Mutiny at Vesta,R.E. Stearns,2.6666666666666665,0.78148377,"In this second space adventure in the Shieldrunner Pirates trilogy, Adda and Iridian have survived the murderous Artificial Intelligence that tried to kill them—but now they'll need all of their ingenuity to escape the evil megacorporation that wants to own them"
12762,https://bookmarks.reviews/reviews/nk3/,NK3,Michael Tolkin,2.8,0.7814106,"A novel, from the author of The Player, set a dystopian Los Angeles devastated by a weaponized microbe that has been accidentally spread around the globe, deleting human identity."
14544,https://bookmarks.reviews/reviews/an-absolutely-remarkable-thing/,An Absolutely Remarkable Thing,Hank Green,3.0,0.78125405,"The comic debut novel from popular vlogger, musician, and educator Green combines science fiction and mystery with philosophical musings about the perils of internet fame. A young graphic artist inspires worldwide hysteria when she accidentally makes first contact with an alien."
9170,https://bookmarks.reviews/reviews/demolition-night/,Demolition Night,Ross Barkan,2.3333333333333335,0.7809007,"Sundra Glassgarden is trapped in a world she desperately wants to change. Archie London trawls the city for secrets. Set in a dystopian future and 1970s New York, Demolition Night is a novel about love and destiny and technology's grim promise, about the utopias we can never have-and why we keep struggling anyway."
1015,https://bookmarks.reviews/reviews/the-book-of-love/,The Book of Love,Kelly Link,3.25,0.78076065,"With them in the room is their previously unremarkable high school music teacher, who seems to know something about their disappearance—and what has brought them back again. Desperate to reclaim their lives, the three agree to the terms of the bargain their music teacher proposes. They will be given a series of magical tasks; while they undertake them, they may return to their families and friends, but they can tell no one where they've been. In the end, there will be winners and there will be losers. But their resurrection has attracted the notice of other supernatural figures, all with their own agendas. As Laura, Daniel, and Mo grapple with the pieces of the lives they left behind, and Laura's sister, Susannah, attempts to reconcile what she remembers with what she fears, these mysterious others begin to arrive, engulfing their community in danger and chaos, and it becomes imperative that the teens solve the mystery of their deaths to avert a looming disaster."
4462,https://bookmarks.reviews/reviews/purity/,Purity,Jonathan Franzen,3.0,0.78044397,"The author of the The Corrections and Freedom returns with an epic tale about recent college graduate Purity—also known as ""Pip""—who has a load of student-loan debt and a neurotic mother who refuses to reveal Pip's father's identity. When she moves to Bolivia to work for a WikiLeaks-like company run by a mysterious figure named Andreas Wolf, Pip struggles to behave ethically as she is asked to engage in suspicious activities and begins to uncover some important secrets."
12618,https://bookmarks.reviews/reviews/a-little-more-human/,A Little More Human,Fiona Maazel,3.125,0.78019285,"A novel that blends science fiction, satire, farce, and literary mystery. A mind-reading nursing assistant who moonlights as a superhero wakes up from an alcohol-induced stupor to photographs which seem to show him assaulting an unknown woman."
795,https://bookmarks.reviews/reviews/the-spoiled-heart/,The Spoiled Heart,Sunjeev Sahota,3.8333333333333335,0.77985024,"Nayan Olak keeps seeing Helen Fletcher around town. She's returned with her teenage son to live in the run-down house at the end of the lane, and—though she's strangely guarded—Nayan can't help but be drawn to her. He hasn't risked love since losing his young family in a terrible accident twenty years earlier. In the wake of the tragedy, Nayan's labor union, long a cornerstone of his community, became the center of his life: a way for him to channel his energies into making the world a better place. Now, he's decided to mount a run for the leadership. But his campaign pits him against a newcomer, Megha, who quickly proves to be a more formidable challenger than he anticipated. As Nayan's differences with Megha spin out of control, complicating the ideals he's always held dear, he grows closer to Helen, and unknowingly barrels toward long-held secrets about how their pasts might be connected."
15833,https://bookmarks.reviews/reviews/the-end-we-start-from/,The End We Start From,Megan Hunter,3.5714285714285716,0.7797142,"A Cli-Fi debut novel about new motherhood, birth and renewal. As London is submerged below floodwaters, a woman gives birth to her first child, Z. Days later, she and her baby are forced to leave their home in search of safety. They head north through a newly dangerous country seeking refuge from place to place. The story traces fear and wonder as the baby grows, thriving and content against all the odds."
3936,https://bookmarks.reviews/reviews/tell-me-an-ending/,Tell Me an Ending,Jo Harkin,3.0,0.7792915,"A dystopian debut about a tech company that deletes unwanted memories, the consequences for those forced to contend with what they tried to forget, and the dissenting doctor who seeks to protect her patients from further harm."
4458,https://bookmarks.reviews/reviews/the-art-of-falling/,The Art of Falling,Danielle McLaughlin,3.25,0.7791456,"From the Windham Campbell Prize-winning Irish author of the short story collection Dinosaurs on Other Planets, a debut novel in which a woman's marriage and career are threatened by an old indiscretion just as she receives the opportunity of a lifetime."
8257,https://bookmarks.reviews/reviews/fka-usa/,FKA USA,Reed King,2.4444444444444446,0.7790126,"The United States has dissolved in the wake of environmental disasters and the catastrophic policies of its final president. It is 2085, and Truckee Wallace, a factory worker, has no grand ambitions besides maybe, possibly, losing his virginity someday. But when Truckee is thrust unexpectedly into the spotlight he is tapped by the President for a sensitive political mission: to deliver a talking goat across the continent. The fate of the world depends upon it."
7515,https://bookmarks.reviews/reviews/machinehood/,Machinehood,S.B. Divya,3.5,0.77884996,"The Hugo and Nebula-nominated author of Runtime returns with a tale set in 2095, when humans are entirely dependent on pills that allow them to compete with artificial intelligence in an increasingly competitive gig economy. When a terrorist group called The Machinehood demands an end to pill production, a global panic ensues as an ex-special forces agent named Welga Ramirez is pulled back into intelligence work to stop The Machinehood."
10329,https://bookmarks.reviews/reviews/the-lost-book-of-adana-moreau/,The Lost Book of Adana Moreau,Michael Zapata,3.5454545454545454,0.7788373,"In 1929 in New Orleans, a Dominican immigrant named Adana Moreau writes a science fiction novel. Then she falls gravely ill. Just before she dies, she destroys the only copy of the manuscript. Decades later in Chicago, Saul Drower is cleaning out his dead grandfather's home when he discovers a mysterious manuscript written by none other than Adana Moreau."
3407,https://bookmarks.reviews/reviews/the-stardust-thief/,The Stardust Thief,Chelsea Abdullah,3.6666666666666665,0.7788188,"Loulie al-Nazari is the Midnight Merchant: a criminal who, with the help of her jinn bodyguard, hunts and sells illegal magic. When she saves the life of a cowardly prince, she draws the attention of his powerful father, the sultan, who blackmails her into finding an ancient lamp that has the power to revive the barren land—at the cost of sacrificing all jinn. With no choice but to obey or be executed, Loulie journeys with the sultan's oldest son to find the artifact. Aided by her bodyguard, who has secrets of his own, they must survive ghoul attacks, outwit a vengeful jinn queen, and confront a malicious killer from Loulie's past. And, in a world where story is reality and illusion is truth, Loulie will discover that everything—her enemy, her magic, even her own past—is not what it seems, and she must decide who she will become in this new reality."
10965,https://bookmarks.reviews/reviews/the-fifth-season/,The Fifth Season,N K Jemisin,3.4285714285714284,0.7782151,"In a post-apocalyptic world plagued by natural diasters, Essun lives in a small comunity barricaded against the outside world. When her husband relizes that she and her children are orogenes with the ability to manipulate seismic energy, he kills their son and kidnaps their daughter. Against the backdrop of the end of the world, Essun follows, beginning an odyssey which will not end until her daughter is safe."
4440,https://bookmarks.reviews/reviews/persephone-station/,Persephone Station,Stina Leicht,3.0,0.77808744,"Persephone Station, a seemingly backwater planet that has largely been ignored by the United Republic of Worlds, becomes the focus for the Serrao-Orlov Corporation as the planet has a few secrets the corporation tenaciously wants to exploit."
1065,https://bookmarks.reviews/reviews/invisible-woman/,Invisible Woman,Katia Lief,3.0,0.7779544,"Joni Ackerman's decision to raise children, 25 years ago, came with a steep cost. She was then a pioneering filmmaker, one of the few women to break into the all-male Hollywood club of feature film directors. But she and her husband Paul had always wanted a family, and his ascending career at a premier television network provided a safety net. Now they've recently transplanted to Brooklyn, so that Paul can launch a major East Coast production studio, when a scandal rocks the film industry and forces Joni to revisit a secret from long ago involving her friend Val. Joni is adamant that the time has come to tell the story, but Val and Paul are reluctant, for different reasons. As the marriage frays and the friends spar about whether to speak up, Joni's struggles with isolation in a new city, and old resentments about the sacrifices she made on her family's behalf start to boil over. She takes solace, of sorts, in the novels of Patricia Highsmith—particularly the masterpiece Strangers on a Train, with its duplicitous characters and their murderous impulses—until the lines between reality and fantasy become blurred."
9308,https://bookmarks.reviews/reviews/the-silk-road/,The Silk Road,Kathryn Davis,3.272727272727273,0.77792585,"The Silk Road begins on a mat in yoga class, deep within a labyrinth on a settlement somewhere in the icy north, under the canny guidance of Jee Moon. When someone fails to arise from corpse pose, the Astronomer, the Archivist, the Botanist, the Keeper, the Topologist, the Geographer, the Iceman, and the Cook remember the paths that brought them there―paths on which they still seem to be traveling."
3525,https://bookmarks.reviews/reviews/the-immortal-king-rao/,The Immortal King Rao,Vauhini Vara,3.3333333333333335,0.77764904,"In a future in which the world is run by the Board of Corporations, King's daughter, Athena, reckons with his legacy—literally, for he has given her access to his memories, among other questionable gifts. With climate change raging, Athena has come to believe that saving the planet and its Shareholders will require a radical act of communion—and so she sets out to tell the truth to the world's Shareholders, in entrancing sensory detail, about King's childhood on a South Indian coconut plantation; his migration to the U.S. to study engineering in a world transformed by globalization; his marriage to the ambitious artist with whom he changed the world; and, ultimately, his invention, under self-exile, of the most ambitious creation of his life—Athena herself."
8859,https://bookmarks.reviews/reviews/the-municipalists/,The Municipalists,Seth Fried,2.8333333333333335,0.7774559,"A novel about an unlikely pair of lonely outsiders--one human, one AI--on an adventure to save the great American city of Metropolis."
10903,https://bookmarks.reviews/reviews/they-will-drown-in-their-mothers-tears/,They Will Drown in Their Mothers' Tears,"Johannes Anyuru, Trans by. Saskia Vogel",3.25,0.7768493,"In the midst of a terrorist attack on a bookstore, one of the attackers, a young woman, has a sudden premonition that something is wrong, changing the course of history. Two years later, this unnamed woman invites a famous writer to visit her in the criminal psychiatric clinic where she’s living. She then shares with him an incredible story―she is a visitor from an alternate future."
4801,https://bookmarks.reviews/reviews/the-arrest/,The Arrest,Jonathan Lethem,2.933333333333333,0.7767887,"The author of Motherless Brooklyn returns with a near-future world devoid of technology, where a former Los Angeles screenwriter now working as an organic farmer unexpectedly reconnects with his once-famous partner, who has retrofitted a nuclear-powered digger to launch an unknown agenda."
8558,https://bookmarks.reviews/reviews/disappearing-earth/,Disappearing Earth,Julia Phillips,3.8,0.7763207,"A finalist for the 2019 National Book Award, Disappearing Earth starts when one August afternoon, on the shoreline of the Kamchatka peninsula at the northeastern edge of Russia, two girls go missing. In the ensuing weeks, then months, the police investigation turns up nothing. Echoes of the disappearance reverberate across a tightly woven community, with the fear and loss felt most deeply among its women."
9674,https://bookmarks.reviews/reviews/once-upon-a-river/,Once Upon a River,Diane Setterfield,3.142857142857143,0.7761338,"From the instant #1 New York Times bestselling author of The Thirteenth Tale comes a new novel about how we explain the world to ourselves, ourselves to others, and the meaning of our lives in a universe that remains impenetrably mysterious."
11032,https://bookmarks.reviews/reviews/the-monster-of-elendhaven/,The Monster of Elendhaven,Jennifer Giesbrecht,2.8333333333333335,0.7760248,"The city of Elendhaven sulks on the edge of the ocean, wracked by plague, stripped of industry, and left to die. But not everything dies so easily. A thing without a name stalks the city, a thing shaped like a man with a dark heart. His frail master sends him out on errands, twisting him with magic, crafting a plan too cruel to name, while the monster's heart grows more cunning."
6594,https://bookmarks.reviews/reviews/far-from-the-light-of-heaven/,Far from the Light of Heaven,Tade Thompson,3.0,0.7760001,"The colony ship Ragtime docks in the Lagos system, having traveled light-years to bring one thousand sleeping souls to a new home among the stars. But when first mate Michelle Campion rouses, she discovers some of the sleepers will never wake. Answering Campion's distress call, investigator Rasheed Fin is tasked with finding out who is responsible for these deaths. Soon a sinister mystery unfolds aboard the gigantic vessel, one that will have repercussions for the entire system."
6132,https://bookmarks.reviews/reviews/the-kaiju-preservation-society/,The Kaiju Preservation Society,John Scalzi,3.4444444444444446,0.7759973,"The Hugo Award-winning author of Redshirts returns with a pandemic science-fiction adventure: When COVID-19 sweeps New York City, food-delivery driver Jamie Gray makes a delivery to Tom, who asks for his help on an ""animal rights"" project. What Tom doesn't tell Jamie is that the animals his team cares for are not here on Earth but in an alternate dimension—massive dinosaur-like creatures named Kaiju."
9961,https://bookmarks.reviews/reviews/the-companions/,The Companions,Katie M. Flynn,3.1666666666666665,0.7755628,"In the wake of a highly contagious virus, a near-future California is under quarantine. Sequestered in high rise towers, the living can't go out, but the dead can come in: These ""companions,"" machines animated with the uploaded minds of former humans, belong to Metis Corporation, representing a new social class without legal rights or true free will."
10513,https://bookmarks.reviews/reviews/kingdomtide/,Kingdomtide,Rye Curtis,3.1666666666666665,0.7754372,"The sole survivor of a plane crash, seventy-two-year-old Cloris Waldrip finds herself lost and alone in the unforgiving wilderness of Montana's rugged Bitterroot Range, exposed to the elements with no tools beyond her wits and ingenuity. Intertwined with her narrative is the story of Debra Lewis, a park ranger struggling with addiction and a recent divorce who is galvanized by her mission to find and rescue Cloris."
2266,https://bookmarks.reviews/reviews/the-shamshine-blind/,The Shamshine Blind,Paz Pardo,3.25,0.77539104,"This novel imagines a world where emotions have been weaponized, and a small-town law enforcement agent uncovers a conspiracy to take down what's left of American democracy."
11558,https://bookmarks.reviews/reviews/trinity-sight/,Trinity Sight,Jennifer Givhan,3.3333333333333335,0.77535045,"Anthropologist Calliope Santiago awakens to find herself in a strange and sinister wasteland, a shadow of the New Mexico she knew. Empty vehicles litter the road. Everyone has disappeared -- or almost everyone. Calliope, heavy-bellied with the twins she carries inside her, must make her way across this dangerous landscape with a group of fellow survivors, confronting violent inhabitants, in search of answers. Rooted in indigenous oral-history traditions and contemporary apocalypse fiction."
6673,https://bookmarks.reviews/reviews/constance/,Constance,Matthew FitzSimmons,4.0,0.77510375,"In the near future, advances in medicine and quantum computing make human cloning a reality. For the wealthy, cheating death is the ultimate luxury. To anticloning militants, it's an abomination against nature. For young Constance ""Con"" D'Arcy, who was gifted her own clone by her late aunt, it's terrifying. After a routine monthly upload of her consciousness--stored for that inevitable transition--something goes wrong. When Con wakes up in the clinic, it's eighteen months later. Her recent memories are missing. Her original, she's told, is dead. If that's true, what does that make her? The secrets of Con's disorienting new life are buried deep. So are those of how and why she died. To uncover the truth, Con is retracing the last days she can recall, crossing paths with a detective who's just as curious. On the run, she needs someone she can trust. Because only one thing has become clear: Con is being marked for murder--all over again."
12865,https://bookmarks.reviews/reviews/transit/,Transit,Rachel Cusk,3.5238095238095237,0.77500296,"The second book of a trilogy. In the wake of her family’s collapse, a writer and her two young sons move to London. The process of this upheaval is the catalyst for a number of transitions?personal, moral, artistic, and practical?as she endeavors to construct a new reality for herself and her children."
6201,https://bookmarks.reviews/reviews/the-weak-spot/,The Weak Spot,Lucie Elven,3.1666666666666665,0.77480185,"In a remote town, a young woman arrives to apprentice as a pharmacist under the charismatic August Malone. She loses herself in this work, lulled by the family stories and intimate secrets shared by her customers. But despite her best efforts to avoid thinking and feeling altogether, she begins to realize that something sinister is going on in the town."
2284,https://bookmarks.reviews/reviews/the-sun-walks-down/,The Sun Walks Down,Fiona McFarlane,3.466666666666667,0.77467287,"In September 1883, a small town in the South Australian outback huddles under strange, vivid sunsets. Six-year-old Denny Wallace has gone missing during a dust storm, and the entire community is caught up in the search for him. As they scour the desert and mountains for the lost child, the residents of Fairly—newlyweds, farmers, mothers, indigenous trackers, cameleers, children, artists, schoolteachers, widows, maids, policemen—confront their relationships, both with one another and with the land-scape they inhabit."
15703,https://bookmarks.reviews/reviews/year-one/,Year One,Nora Roberts,2.8333333333333335,0.77463305,"The first book in a post apocalyptic fiction trilogy from bestselling romance author Nora Roberts. When the world as they know it ends, the survivors of a mysterious plague are faced with a new world in which both dark and light magic are rising."
1970,https://bookmarks.reviews/reviews/veniss-underground/,Veniss Underground,Jeff VanderMeer,3.0,0.77449787,"The first novel by Jeff VanderMeer, including approximately 50,000 words of new material exclusive to this edition. In a dark and decadent far future, the city of Veniss persists beside a dead ocean. Earth has become a desert wasteland ravaged by climate change. Veniss endures on the strength of its innovative tech of almost Boschian intensity, but at what cost?"
4573,https://bookmarks.reviews/reviews/the-blade-between/,The Blade Between,Sam J. Miller,3.6,0.7744882,From Nebula Award winner Sam J. Miller comes an uncanny ghost story about a rapidly changing city in upstate New York and the mysterious forces that threaten it.
14573,https://bookmarks.reviews/reviews/suicide-club-a-novel-about-living/,Suicide Club: A Novel about Living,Rachel Heng,2.75,0.77416754,"In a near future in which some humans are chosen as ""lifers,"" living 300 years or more if they meet high standards, one lifer is drawn into the mysterious world of the Suicide Club, a network of powerful individuals and rebels who reject society's pursuit of immortality, and instead chose to live and die on their own terms."
3551,https://bookmarks.reviews/reviews/the-apartment-on-calle-uruguay/,The Apartment on Calle Uruguay,Zachary Lazar,3.7142857142857144,0.7740239,"The story of Christopher Bell, a blocked painter on the East End of Long Island, and Ana Ramirez, a journalist who fled the crisis in Venezuela and is looking for work in New York. Bell has always felt marked by his foreignness, having emigrated to the U.S. as a child, and has come to believe that words like 'identity' and 'American' are somehow very meaningful and very meaningless at the same time. He has retreated to a modest house near a patch of woods, where he encounters Ana, who is trying to reinvent herself as the kind of person she'd been before the world she knew disappeared. A complicated romance develops that gradually reveals their buried histories."
1663,https://bookmarks.reviews/reviews/the-imposters/,The Imposters,Tom Rachman,2.8,0.7739761,"Dora Frenhofer, a once successful but now aging and embittered novelist, knows her mind is going. She is determined, however, to finish her final book, and reverse her fortunes, before time runs out. Alone in her London home during the pandemic, she creates, and is in turn created by, the fascinating real characters from her own life. Like a twenty-first-century Scheherazade, Dora spins stories to ward off her end. From New Delhi to New York, Copenhagen to Los Angeles, Australia to Syria to Paris, Dora's chapters trot the globe, inhabiting the perspectives of her missing brother, her estranged daughter, her erstwhile lover, and her last remaining friend, among others in her orbit. As her own life comes into ever sharper focus, so do the signal events that have made her who she is, leaving us in Dora's thrall until, with an unforeseen twist, she snaps the final piece of the puzzle into place."
4184,https://bookmarks.reviews/reviews/dead-space/,Dead Space,Kali Wallace,3.6,0.77361476,An investigator must solve a brutal murder on a claustrophobic space station in this tense science fiction thriller from the author of Salvation Day.
4179,https://bookmarks.reviews/reviews/in-the-quick/,In the Quick,Kate Hope Day,2.8,0.7731998,"June's gift for mechanical invention has earned her a coveted post as an engineer on a space station after six years of training. There she is haunted by the mystery of Inquiry, a revolutionary spacecraft powered by her beloved late uncle's fuel cells that went missing when June was twelve years old. While the rest of the world has forgotten them, June alone has evidence that makes her believe the crew is still alive."
9002,https://bookmarks.reviews/reviews/memories-of-the-future/,Memories of the Future,Siri Hustvedt,2.9411764705882355,0.7730669,"The Booker Prize-nominated author offers a new novel about a woman in her 60s who finds her old diary and reads it, remembering her time as a penniless young writer in 1970s New York, where she became fascinated by her mysterious neighbor and the conversations she hears through the walls."
2292,https://bookmarks.reviews/reviews/cold-people/,Cold People,Tom Rob Smith,3.0,0.7730476,"A mysterious force captures Earth and gives humanity thirty days to move to Antarctica, where they will be allowed to exist and survive in the planet's most extreme environment."
5166,https://bookmarks.reviews/reviews/axioms-end/,Axiom's End,Lindsay Ellis,3.0,0.7729734,"In 2007, twenty-something Cora becomes an intermediary between the human race and an alien named Ampersand, whose existence has been at the center of a government cover-up revealed by her whistleblower father. Cora's otherworldly connection will change everything she thought she knew about being human—and could unleash a force more sinister than she ever imagined."
12217,https://bookmarks.reviews/reviews/gather-the-daughters/,Gather the Daughters,Jennie Melamed,3.3333333333333335,0.7727611,"A dystopian novel set in an unspecified future about a patriarchal colony living on an island off the US, and the young woman who begin to resist the ancestor worship, controlled breeding, and strict rationing of knowledge and history that keeps them subjugated."
3302,https://bookmarks.reviews/reviews/walk-the-vanished-earth/,Walk the Vanished Earth,Erin Swan,3.0,0.77257717,"The year is 1873, and a buffalo hunter named Samson travels the Kansas plains. The year is 1975, and an adolescent girl named Bea walks those very same plains. The year is 2024 and, after a series of devastating storms, an engineer named Paul has left behind his suburban existence to build a floating city above the drowned streets that were once New Orleans. The year is 2073, and Moon has heard only stories of the blue planet-Earth, as they once called it, now succumbed entirely to water."
9498,https://bookmarks.reviews/reviews/golden-state/,Golden State,Ben Winters,3.0,0.77250284,"From award-winning, New York Times bestselling novelist Ben H. Winters comes a mind-bending novel set in a world governed by absolute truth, where lies are as dangerous as murder."
9205,https://bookmarks.reviews/reviews/the-city-in-the-middle-of-the-night/,The City in the Middle of the Night,Charlie Jane Anders,3.3,0.77238595,"Charlie Jane Anders, the nationally bestselling author of All the Birds in the Sky delivers a new novel set in a hauntingly strange future."
15890,https://bookmarks.reviews/reviews/a-history-of-what-comes-next-a-take-them-to-the-stars-novel/,A History of What Comes Next: A Take Them to the Stars Novel,Sylvain Neuvel,3.3333333333333335,0.7722838,"A darkly satirical first contact thriller, as seen through the eyes of the women who make progress possible and the men who are determined to stop them."
4411,https://bookmarks.reviews/reviews/remote-control/,Remote Control,Nnedi Okorafor,3.6666666666666665,0.77222717,An alien artifact turns a young girl into Death's adopted daughter in this thrilling sci-fi tale of community and female empowerment from Nebula- and Hugo Award-winner Okorafor.
